{
  "description": "项目配置文件。",
  "setting": {
    "urlCheck": false,
    "es6": true,
    "enhance": false,
    "postcss": true,
    "preloadBackgroundData": false,
    "minified": true,
    "newFeature": true,
    "coverView": true,
    "nodeModules": false,
    "autoAudits": false,
    "showShadowRootInWxmlPanel": true,
    "scopeDataCheck": false,
    "uglifyFileName": false,
    "checkInvalidKey": true,
    "checkSiteMap": true,
    "uploadWithSourceMap": true,
    "compileHotReLoad": false,
    "useMultiFrameRuntime": false,
    "useApiHook": true,
    "babelSetting": {
      "ignore": [],
      "disablePlugins": [],
      "outputPath": ""
    },
    "useIsolateContext": true,
    "useCompilerModule": true,
    "userConfirmedUseCompilerModuleSwitch": false,
    "packNpmManually": false,
    "packNpmRelationList": []
  },
  "compileType": "miniprogram",
  "libVersion": "2.3.0",
  "appid": "wx210215a99519d40f",
  "projectname": "oilStationMap",
  "isGameTourist": false,
  "simulatorType": "wechat",
  "simulatorPluginLibVersion": {},
  "condition": {
    "search": {
      "current": -1,
      "list": []
    },
    "conversation": {
      "current": -1,
      "list": []
    },
    "plugin": {
      "current": -1,
      "list": []
    },
    "game": {
      "currentL": -1,
      "list": []
    },
    "miniprogram": {
      "current": 3,
      "list": [
        {
          "id": -1,
          "name": "今日油价",
          "pathName": "pages/tabBar/todayOilPrice/todayOilPrice",
          "query": "cardShareInfo={\"sendUid\":\"136\",\"cardId\":\"2799\"}",
          "scene": "1011"
        },
        {
          "id": -1,
          "name": "我的",
          "pathName": "pages/tabBar/my/my",
          "query": "cardShareInfo={\"sendUid\":\"136\",\"cardId\":\"2799\"}",
          "scene": "1011"
        },
        {
          "id": 2,
          "name": "寻找附近加油站",
          "pathName": "pages/other/oilStationMap/index",
          "query": "cardShareInfo={\"sendUid\":\"136\",\"cardId\":\"2799\"}",
          "scene": "1011"
        },
        {
          "id": 3,
          "name": "付款",
          "pathName": "pages/tabBar/payment/payment",
          "query": "cardShareInfo={\"sendUid\":\"136\",\"cardId\":\"2799\"}",
          "scene": "1011"
        },
        {
          "id": -1,
          "name": "关于我们",
          "pathName": "pages/other/aboutUs/index",
          "query": ""
        },
        {
          "id": -1,
          "name": "隐私声明",
          "pathName": "pages/other/privacy/index",
          "query": ""
        },
        {
          "id": 6,
          "name": "添加油价",
          "pathName": "pages/other/oilStationAdd/index",
          "query": "",
          "scene": "1011"
        },
        {
          "id": -1,
          "name": "添加更多油品型号标签",
          "pathName": "pages/other/moreOilModelTag/index",
          "query": ""
        },
        {
          "id": -1,
          "name": "红包提现",
          "pathName": "pages/other/redPacketHistory/index",
          "query": "",
          "scene": "1011"
        },
        {
          "id": -1,
          "name": "红包活动详情查看",
          "pathName": "pages/other/activity/redActivity/index",
          "query": ""
        },
        {
          "id": 10,
          "name": "资讯列表",
          "pathName": "pages/other/information/wxPublicNumberInformation/index",
          "query": "",
          "scene": "1011"
        }
      ]
    }
  }
}